{"CameraAction":[{"location":[[[[0.041666666666666664,7.481131553649902,-1.2434378465016682,7.481131553649902,1.3267711798350015,7.481131553649902,2],[3.333333333333333,4.228731632232666,2.048228899637858,4.228731632232666,4.618437767028809,4.228731632232666,2]],0],[[[0.041666666666666664,-6.5076398849487305,-1.2434378465016682,-6.5076398849487305,1.3267711798350015,-6.5076398849487305,2],[3.333333333333333,-8.725340843200684,2.048228899637858,-8.725340843200684,4.618437767028809,-8.725340843200684,2]],0],[[[0.041666666666666664,5.34366512298584,-1.2434378465016682,5.34366512298584,1.3267711798350015,5.34366512298584,2],[3.333333333333333,4.399029731750488,2.048228899637858,4.399029731750488,4.618437767028809,4.399029731750488,2]],0]]}],"CubeAction":[{"location":[[[[1.1666666666666665,0.0,0.14183648427327472,0.0,2.1914968490600586,0.0,2],[3.7916666666666665,0.0,2.7668364842732744,0.0,4.816496849060059,0.0,2]],0],[[[1.1666666666666665,0.0,0.14183648427327472,0.0,2.1914968490600586,0.0,2],[3.7916666666666665,0.0,2.7668364842732744,0.0,4.816496849060059,0.0,2]],0],[[[1.1666666666666665,3.802442789077759,0.14183648427327472,3.802442789077759,2.1914968490600586,3.802442789077759,2],[3.7916666666666665,0.0,2.7668364842732744,0.0,4.816496849060059,0.0,2]],0]]}]}