{"EmptyAction":[{"location":[[[[0.9166666666666666,-0.0,-0.01056067148844401,-0.0,1.8438940048217773,-0.0,2],[3.2916666666666665,-0.0,2.3644393285115557,-0.0,4.218894004821777,-0.0,2]],0],[[[0.9166666666666666,0.0,-0.01056067148844401,0.0,1.8438940048217773,0.0,2],[3.2916666666666665,4.411628723144531,2.3644393285115557,4.411628723144531,4.218894004821777,4.411628723144531,2]],0],[[[0.9166666666666666,0.0,-0.01056067148844401,0.0,1.8438940048217773,0.0,2],[3.2916666666666665,0.0,2.3644393285115557,0.0,4.218894004821777,0.0,2]],0]],"scale":[[[[3.2916666666666665,-1.0,3.25,-1.0,3.333333333333333,-1.0,2]],0],[[[3.2916666666666665,1.0,3.25,1.0,3.333333333333333,1.0,2]],0],[[[3.2916666666666665,1.0,3.25,1.0,3.333333333333333,1.0,2]],0]],"rotation_euler":[[[[3.2916666666666665,-0.0,3.25,-0.0,3.333333333333333,-0.0,2]],0],[[[3.2916666666666665,0.0,3.25,0.0,3.333333333333333,0.0,2]],0],[[[3.2916666666666665,0.0,3.25,0.0,3.333333333333333,0.0,2]],0]]}],"CameraAction":[{"location":[[[[0.041666666666666664,-0.0,-1.2434378465016682,-0.0,1.3267711798350015,-0.0,2],[3.333333333333333,-0.0,2.048228899637858,-0.0,4.618437767028809,-0.0,2]],0],[[[0.041666666666666664,0.0,-1.2434378465016682,0.0,1.3267711798350015,0.0,2],[3.333333333333333,3.5314931869506836,2.048228899637858,3.5314931869506836,4.618437767028809,3.5314931869506836,2]],0],[[[0.041666666666666664,-7.094813823699951,-1.2434378465016682,-7.094813823699951,1.3267711798350015,-7.094813823699951,2],[3.333333333333333,-3.3264119625091553,2.048228899637858,-3.3264119625091553,4.618437767028809,-3.3264119625091553,2]],0]],"scale":[[[[0.041666666666666664,-1.0,-1.2434378465016682,-1.0,1.3267711798350015,-1.0,2],[3.333333333333333,-1.0,2.048228899637858,-1.0,4.618437767028809,-1.0,2]],0],[[[0.041666666666666664,1.0,-1.2434378465016682,1.0,1.3267711798350015,1.0,2],[3.333333333333333,1.0,2.048228899637858,1.0,4.618437767028809,1.0,2]],0],[[[0.041666666666666664,1.0,-1.2434378465016682,1.0,1.3267711798350015,1.0,2],[3.333333333333333,1.0,2.048228899637858,1.0,4.618437767028809,1.0,2]],0]],"rotation_euler":[[[[0.041666666666666664,-1.1093189716339111,-1.2434378465016682,-1.1093189716339111,1.3267711798350015,-1.1093189716339111,2],[3.333333333333333,-1.1093189716339111,2.048228899637858,-1.1093189716339111,4.618437767028809,-1.1093189716339111,2]],0],[[[0.041666666666666664,0.8149281740188599,-1.2434378465016682,0.8149281740188599,1.3267711798350015,0.8149281740188599,2],[3.333333333333333,0.8149281740188599,2.048228899637858,0.8149281740188599,4.618437767028809,0.8149281740188599,2]],0],[[[0.041666666666666664,0.0,-1.2434378465016682,0.0,1.3267711798350015,0.0,2],[3.333333333333333,0.0,2.048228899637858,0.0,4.618437767028809,0.0,2]],0]]}],"CubeAction":[{"location":[[[[1.1666666666666665,-0.0,0.14183648427327472,-0.0,2.1914968490600586,-0.0,2],[3.7916666666666665,-0.0,2.7668364842732744,-0.0,4.816496849060059,-0.0,2]],0],[[[1.1666666666666665,3.802442789077759,0.14183648427327472,3.802442789077759,2.1914968490600586,3.802442789077759,2],[3.7916666666666665,0.0,2.7668364842732744,0.0,4.816496849060059,0.0,2]],0],[[[1.1666666666666665,0.0,0.14183648427327472,0.0,2.1914968490600586,0.0,2],[3.7916666666666665,0.0,2.7668364842732744,0.0,4.816496849060059,0.0,2]],0]]}]}