{"CameraAction":[{"location":[[[[0.041666666666666664,2.0009684562683105,-1.2434378465016682,2.0009684562683105,1.3267711798350015,2.0009684562683105,2],[3.333333333333333,4.228731632232666,2.048228899637858,4.228731632232666,4.618437767028809,4.228731632232666,2]],0],[[[0.041666666666666664,-1.7475790977478027,-1.2434378465016682,-1.7475790977478027,1.3267711798350015,-1.7475790977478027,2],[3.333333333333333,-8.725340843200684,2.048228899637858,-8.725340843200684,4.618437767028809,-8.725340843200684,2]],0],[[[0.041666666666666664,1.607668399810791,-1.2434378465016682,1.607668399810791,1.3267711798350015,1.607668399810791,2],[3.333333333333333,4.399029731750488,2.048228899637858,4.399029731750488,4.618437767028809,4.399029731750488,2]],0]],"scale":[[[[0.041666666666666664,1.0,0.0,1.0,0.08333333333333333,1.0,2]],0],[[[0.041666666666666664,1.0,0.0,1.0,0.08333333333333333,1.0,2]],0],[[[0.041666666666666664,1.0,0.0,1.0,0.08333333333333333,1.0,2]],0]],"rotation_euler":[[[[0.041666666666666664,1.1093189716339111,0.0,1.1093189716339111,0.08333333333333333,1.1093189716339111,2]],0],[[[0.041666666666666664,0.0,0.0,0.0,0.08333333333333333,0.0,2]],0],[[[0.041666666666666664,0.8149281740188599,0.0,0.8149281740188599,0.08333333333333333,0.8149281740188599,2]],0]]}],"CubeAction":[{"location":[[[[1.1666666666666665,0.0,0.14183648427327472,0.0,2.1914968490600586,0.0,2],[3.7916666666666665,0.0,2.7668364842732744,0.0,4.816496849060059,0.0,2]],0],[[[1.1666666666666665,0.0,0.14183648427327472,0.0,2.1914968490600586,0.0,2],[3.7916666666666665,0.0,2.7668364842732744,0.0,4.816496849060059,0.0,2]],0],[[[1.1666666666666665,3.802442789077759,0.14183648427327472,3.802442789077759,2.1914968490600586,3.802442789077759,2],[3.7916666666666665,0.0,2.7668364842732744,0.0,4.816496849060059,0.0,2]],0]]}]}