{"PapillonBleuTargetAction":[{"location":[[[[0.0,-4.6042985916137695,-2.261133352915446,-4.6042985916137695,2.261133352915446,-4.6042985916137695,2]],0],[[[0.0,8.71403694152832,-2.261133352915446,8.71403694152832,2.261133352915446,8.71403694152832,2]],0],[[[0.0,-48.81554412841797,-2.261133352915446,-48.81554412841797,2.261133352915446,-48.81554412841797,2]],0]]}],"CookieTargetAction":[{"location":[[[[0.0,-5.0287675857543945,-0.032534291346867875,-5.0287675857543945,0.032534281412760414,-5.0287675857543945,2]],0],[[[0.0,2.7092785835266113,-0.032534291346867875,2.7092785835266113,0.032534281412760414,2.7092785835266113,2]],0],[[[0.0,-0.6910998821258545,-0.032534291346867875,-0.6910998821258545,0.032534281412760414,-0.6910998821258545,2]],0]]}],"ParameterPointsAction":[{"location":[[[[0.0,-0.09000000357627869,-11.061659495035807,-0.09000000357627869,11.061659495035807,-0.09000000357627869,2],[28.333333333333332,-0.09000000357627869,17.515680948893227,-0.09000000357627869,28.81396230061849,-0.05616292729973793,2],[33.875,-0.05000000074505806,31.711469014485676,-0.05000000074505806,36.03853098551432,-0.05000000074505806,2]],0],[[[0.0,0.12999999523162842,-11.077926635742188,0.12999999523162842,11.077926635742188,0.12999999523162842,2]],0],[[[0.0,0.000999998301267624,-11.045392354329426,0.000999998301267624,11.045392354329426,0.000999998301267624,2],[28.291666666666664,0.000999998301267624,28.210329691569008,0.000999998301267624,28.3079350789388,0.000999998301267624,0],[28.333333333333332,0.9529481530189514,28.317064921061196,0.9529481530189514,28.34960174560547,0.9529481530189514,0],[28.375,0.009999999776482582,28.358731587727863,0.009999999776482582,28.391268412272133,0.009999999776482582,0]],0]]}],"ParameterKIFAction":[{"location":[[[[0.0,-0.7324369549751282,1.4166666666666665,-0.7324369549751282,1.5,-0.7324369549751282,2]],0],[[[0.0,1.2310000658035278,1.4166666666666665,1.2310000658035278,1.5,1.2310000658035278,2]],0],[[[0.0,1.0490000247955322,1.4166666666666665,1.0490000247955322,1.5,1.0490000247955322,2]],0]]}],"PapillonBleu":[{"location":[[[[0.0,-6.534801483154297,-0.016267145673433937,-6.534801483154297,0.016267145673433937,-6.534801483154297,2]],0],[[[0.0,9.134330749511719,-0.016267145673433937,9.134330749511719,0.016267145673433937,9.134330749511719,2]],0],[[[0.0,-52.8007698059082,-0.016267145673433937,-52.8007698059082,0.016267145673433937,-52.8007698059082,2]],0]]}],"CameraAction":[{"location":[[[[0.0,-1.8199623823165894,-5.3193566004435215,-1.8199623823165894,5.3193566004435215,-1.8199623823165894,1],[13.625,-2.6505959033966064,13.543664296468098,-2.6505959033966064,13.641267140706379,-2.6505959033966064,0],[13.666666666666666,7.615119934082031,13.650399525960285,7.615119934082031,13.748002370198567,7.615119934082031,2],[28.208333333333332,5.1749420166015625,23.919418334960938,7.615124225616455,28.261184692382812,5.144872188568115,0],[28.333333333333332,-3.597280502319336,28.276552836100258,-3.596637725830078,31.420005798339844,-3.632222890853882,2],[49.20833333333333,-8.970218658447266,41.05849202473958,-8.970218658447266,57.35817464192708,-8.970218658447266,2]],0],[[[0.0,1.1135356426239014,-5.3193566004435215,1.1135356426239014,5.3193566004435215,1.1135356426239014,1],[13.625,2.697202682495117,13.543664296468098,2.697202682495117,13.641267140706379,2.697202682495117,0],[13.666666666666666,1.148315191268921,13.650399525960285,1.148315191268921,13.748002370198567,1.148315191268921,2],[28.208333333333332,2.0222206115722656,27.347793579101562,2.162374973297119,28.257677714029946,2.01418399810791,0],[28.333333333333332,7.973165512084961,28.284530639648438,7.973572254180908,33.444915771484375,7.930563449859619,2],[49.20833333333333,3.0624020099639893,41.05849202473958,3.0624020099639893,57.35817464192708,3.0624020099639893,2]],0],[[[0.0,-2.1950793266296387,-5.3193566004435215,-2.1950793266296387,5.3193566004435215,-2.1950793266296387,1],[13.625,-4.164812088012695,13.543664296468098,-2.1950793266296387,13.641267140706379,-4.558758735656738,0],[13.666666666666666,-18.262317657470703,13.650399525960285,-18.262317657470703,13.748002370198567,-18.262317657470703,2],[28.208333333333332,-12.410369873046875,25.502230326334633,-12.560229301452637,28.277320861816406,-12.406549453735352,0],[28.333333333333332,-0.6479417085647583,28.284510294596352,-0.6496167182922363,34.41843159993489,-0.439175546169281,2],[49.20833333333333,-0.6102465987205505,41.05849202473958,-0.6102465987205505,57.35817464192708,-0.6102465987205505,2]],0]]}],"PapillonRougeTargetAction":[{"location":[[[[0.0,12.052122116088867,-2.261133352915446,12.052122116088867,2.261133352915446,12.052122116088867,2],[5.791666666666666,0.08164781332015991,3.53053347269694,0.08164781332015991,8.052799860636393,0.08164781332015991,2]],0],[[[0.0,8.302125930786133,-2.261133352915446,8.302125930786133,2.261133352915446,8.302125930786133,2],[5.791666666666666,0.2644999623298645,3.53053347269694,0.2644999623298645,8.052799860636393,0.2644999623298645,2]],0],[[[0.0,-8.622594833374023,-2.261133352915446,-8.622594833374023,2.261133352915446,-8.622594833374023,2],[5.791666666666666,0.15179996192455292,3.53053347269694,0.15179996192455292,8.052799860636393,0.15179996192455292,2]],0]]}],"CameraTargetAction":[{"location":[[[[0.0,-1.2821691036224365,-5.3193566004435215,-1.2821691036224365,5.3193566004435215,-1.2821691036224365,1],[13.625,-1.2821691036224365,13.543664296468098,-1.2821691036224365,13.641267140706379,-1.2821691036224365,0],[13.666666666666666,-1.2821691036224365,13.650399525960285,-1.2821691036224365,13.748002370198567,-1.2821691036224365,2],[22.625,-0.0,19.1275634765625,-0.0,29.554804484049477,-0.0,2],[40.375,-0.0,33.445195515950516,-0.0,47.30480448404948,-0.0,0]],0],[[[0.0,0.08819139003753662,-5.3193566004435215,0.08819139003753662,5.3193566004435215,0.08819139003753662,1],[13.625,0.08819139003753662,13.543664296468098,0.08819139003753662,13.641267140706379,0.08819139003753662,0],[13.666666666666666,18.147157669067383,13.650402069091797,18.148826599121094,16.854686737060547,17.820030212402344,2],[22.625,3.875532388687134,19.1275634765625,4.949145317077637,29.554804484049477,1.7482802867889404,2],[40.375,1.7482802867889404,33.445195515950516,1.7482802867889404,47.30480448404948,1.7482802867889404,0]],0],[[[0.0,-0.9197766780853271,-5.3193566004435215,-0.9197766780853271,5.3193566004435215,-0.9197766780853271,1],[13.625,-0.9197766780853271,13.543664296468098,-0.9197766780853271,13.641267140706379,-0.9197766780853271,0],[13.666666666666666,-0.9197766780853271,13.650399525960285,-0.9197766780853271,13.748002370198567,-0.9197766780853271,2],[22.625,0.0,19.1275634765625,0.0,29.554804484049477,0.0,2],[40.375,0.0,33.445195515950516,0.0,47.30480448404948,0.0,0]],0]]}],