{"CameraAction":[{"rotation_euler":[[[[0.041666666666666664,1.5707963705062866,0.0,1.5707963705062866,0.08333333333333333,1.5707963705062866,2]],0],[[[0.041666666666666664,0.0,0.0,0.0,0.08333333333333333,0.0,2]],0],[[[0.041666666666666664,0.0,0.0,0.0,0.08333333333333333,0.0,2]],0]],"scale":[[[[0.041666666666666664,1.2814316749572754,0.0,1.2814316749572754,0.08333333333333333,1.2814316749572754,2]],0],[[[0.041666666666666664,-1.2814316749572754,0.0,-1.2814316749572754,0.08333333333333333,-1.2814316749572754,2]],0],[[[0.041666666666666664,-1.2814316749572754,0.0,-1.2814316749572754,0.08333333333333333,-1.2814316749572754,2]],0]],"location":[[[[0.041666666666666664,-14.763420104980469,1.4583333333333333,-14.763420104980469,1.5416666666666665,-14.763420104980469,2]],0],[[[0.041666666666666664,7.3832526206970215,1.4583333333333333,7.3832526206970215,1.5416666666666665,7.3832526206970215,2]],0],[[[0.041666666666666664,-6.925894737243652,1.4583333333333333,-6.925894737243652,1.5416666666666665,-6.925894737243652,2]],0]]}],"PapillonBleuTargetAction":[{"rotation_euler":[[[[0.041666666666666664,-0.0,0.0,-0.0,0.08333333333333333,-0.0,2]],0],[[[0.041666666666666664,0.0,0.0,0.0,0.08333333333333333,0.0,2]],0],[[[0.041666666666666664,0.0,0.0,0.0,0.08333333333333333,0.0,2]],0]],"scale":[[[[0.041666666666666664,-1.0,0.0,-1.0,0.08333333333333333,-1.0,2]],0],[[[0.041666666666666664,1.0,0.0,1.0,0.08333333333333333,1.0,2]],0],[[[0.041666666666666664,1.0,0.0,1.0,0.08333333333333333,1.0,2]],0]],"location":[[[[0.041666666666666664,0.37690281867980957,1.4583333333333333,0.37690281867980957,1.5416666666666665,0.37690281867980957,2]],0],[[[0.041666666666666664,3.0849921703338623,1.4583333333333333,3.0849921703338623,1.5416666666666665,3.0849921703338623,2]],0],[[[0.041666666666666664,-3.2076687812805176,1.4583333333333333,-3.2076687812805176,1.5416666666666665,-3.2076687812805176,2]],0]]}],"CameraTargetAction":[{"location":[[[[0.041666666666666664,0.86344313621521,1.4583333333333333,0.86344313621521,1.5416666666666665,0.86344313621521,2]],0],[[[0.041666666666666664,0.46034175157546997,1.4583333333333333,0.46034175157546997,1.5416666666666665,0.46034175157546997,2]],0],[[[0.041666666666666664,-2.1263058185577393,1.4583333333333333,-2.1263058185577393,1.5416666666666665,-2.1263058185577393,2]],0]]}],"PapillonBleu":[{"rotation_euler":[[[[0.041666666666666664,-0.42860913276672363,0.0,-0.42860913276672363,0.08333333333333333,-0.42860913276672363,2]],0],[[[0.041666666666666664,0.4478248655796051,0.0,0.4478248655796051,0.08333333333333333,0.4478248655796051,2]],0],[[[0.041666666666666664,1.0493159294128418,0.0,1.0493159294128418,0.08333333333333333,1.0493159294128418,2]],0]],"scale":[[[[0.041666666666666664,-1.0,0.0,-1.0,0.08333333333333333,-1.0,2]],0],[[[0.041666666666666664,1.0,0.0,1.0,0.08333333333333333,1.0,2]],0],[[[0.041666666666666664,1.0,0.0,1.0,0.08333333333333333,1.0,2]],0]],"location":[[[[0.041666666666666664,-4.433067321777344,1.4583333333333333,-4.433067321777344,1.5416666666666665,-4.433067321777344,2]],0],[[[0.041666666666666664,3.6711955070495605,1.4583333333333333,3.6711955070495605,1.5416666666666665,3.6711955070495605,2]],0],[[[0.041666666666666664,-9.817252159118652,1.4583333333333333,-9.817252159118652,1.5416666666666665,-9.817252159118652,2]],0]]}],"ParameterPointsAction":[{"location":[[[[0.041666666666666664,-0.09000000357627869,1.4583333333333333,-0.09000000357627869,1.5416666666666665,-0.09000000357627869,2]],0],[[[0.041666666666666664,0.12999999523162842,1.4583333333333333,0.12999999523162842,1.5416666666666665,0.12999999523162842,2]],0],[[[0.041666666666666664,0.03999999910593033,1.4583333333333333,0.03999999910593033,1.5416666666666665,0.03999999910593033,2]],0]]}],"ParameterKIFAction":[{"rotation_euler":[[[[0.041666666666666664,-0.0,0.0,-0.0,0.08333333333333333,-0.0,2]],0],[[[0.041666666666666664,0.0,0.0,0.0,0.08333333333333333,0.0,2]],0],[[[0.041666666666666664,0.0,0.0,0.0,0.08333333333333333,0.0,2]],0]],"scale":[[[[0.041666666666666664,-1.0,0.0,-1.0,0.08333333333333333,-1.0,2]],0],[[[0.041666666666666664,1.0,0.0,1.0,0.08333333333333333,1.0,2]],0],[[[0.041666666666666664,1.0,0.0,1.0,0.08333333333333333,1.0,2]],0]],"location":[[[[0.041666666666666664,-0.7324369549751282,1.4583333333333333,-0.7324369549751282,1.5416666666666665,-0.7324369549751282,2]],0],[[[0.041666666666666664,1.2310000658035278,1.4583333333333333,1.2310000658035278,1.5416666666666665,1.2310000658035278,2]],0],[[[0.041666666666666664,1.0490000247955322,1.4583333333333333,1.0490000247955322,1.5416666666666665,1.0490000247955322,2]],0]]}],"PapillonRougeAction":[{"rotation_euler":[[[[0.041666666666666664,-0.42860913276672363,-1.8127880096435547,-0.42860913276672363,1.896121342976888,-0.42860913276672363,2]],0],[[[0.041666666666666664,0.4478248655796051,-1.8127880096435547,0.4478248655796051,1.896121342976888,0.4478248655796051,2]],0],[[[0.041666666666666664,1.0493159294128418,-1.8127880096435547,1.0493159294128418,1.896121342976888,1.0493159294128418,2]],0]],"scale":[[[[0.041666666666666664,-1.0,-1.8127880096435547,-1.0,1.896121342976888,-1.0,2]],0],[[[0.041666666666666664,1.0,-1.8127880096435547,1.0,1.896121342976888,1.0,2]],0],[[[0.041666666666666664,1.0,-1.8127880096435547,1.0,1.896121342976888,1.0,2]],0]],"location":[[[[0.041666666666666664,-0.7978885173797607,-1.8127880096435547,-0.7978885173797607,1.896121342976888,-0.7978885173797607,2]],0],[[[0.041666666666666664,6.677827835083008,-1.8127880096435547,6.677827835083008,1.896121342976888,6.677827835083008,2]],0],[[[0.041666666666666664,-6.936454772949219,-1.8127880096435547,-6.936454772949219,1.896121342976888,-6.936454772949219,2]],0]]}],"PapillonRougeTargetAction":[{"rotation_euler":[[[[0.041666666666666664,-0.0,0.0,-0.0,0.08333333333333333,-0.0,2]],0],[[[0.041666666666666664,0.0,0.0,0.0,0.08333333333333333,0.0,2]],0],[[[0.041666666666666664,0.0,0.0,0.0,0.08333333333333333,0.0,2]],0]],"scale":[[[[0.041666666666666664,-1.0,0.0,-1.0,0.08333333333333333,-1.0,2]],0],[[[0.041666666666666664,1.0,0.0,1.0,0.08333333333333333,1.0,2]],0],[[[0.041666666666666664,1.0,0.0,1.0,0.08333333333333333,1.0,2]],0]],"location":[[[[0.041666666666666664,-0.0,1.4583333333333333,-0.0,1.5416666666666665,-0.0,2]],0],[[[0.041666666666666664,0.0,1.4583333333333333,0.0,1.5416666666666665,0.0,2]],0],[[[0.041666666666666664,0.0,1.4583333333333333,0.0,1.5416666666666665,0.0,2]],0]]}]}