{"PapillonBleuTargetAction":[{"scale":[[[[5.791666666666666,-1.0,5.189782460530599,-1.0,6.393550872802734,-1.0,2]],0],[[[5.791666666666666,1.0,5.189782460530599,1.0,6.393550872802734,1.0,2]],0],[[[5.791666666666666,1.0,5.189782460530599,1.0,6.393550872802734,1.0,2]],0]],"rotation_euler":[[[[5.791666666666666,-0.0,5.189782460530599,-0.0,6.393550872802734,-0.0,2]],0],[[[5.791666666666666,0.0,5.189782460530599,0.0,6.393550872802734,0.0,2]],0],[[[5.791666666666666,0.0,5.189782460530599,0.0,6.393550872802734,0.0,2]],0]],"location":[[[[5.791666666666666,9.246542930603027,5.189782460530599,9.246542930603027,6.393550872802734,9.246542930603027,2]],0],[[[5.791666666666666,4.452882766723633,5.189782460530599,4.452882766723633,6.393550872802734,4.452882766723633,2]],0],[[[5.791666666666666,-10.838008880615234,5.189782460530599,-10.838008880615234,6.393550872802734,-10.838008880615234,2]],0]]}],"CookieTargetAction":[{"scale":[[[[0.0,-1.0,-0.032534291346867875,-1.0,0.032534281412760414,-1.0,2]],0],[[[0.0,1.0,-0.032534291346867875,1.0,0.032534281412760414,1.0,2]],0],[[[0.0,1.0,-0.032534291346867875,1.0,0.032534281412760414,1.0,2]],0]],"rotation_euler":[[[[0.0,-0.0,-0.032534291346867875,-0.0,0.032534281412760414,-0.0,2]],0],[[[0.0,0.0,-0.032534291346867875,0.0,0.032534281412760414,0.0,2]],0],[[[0.0,0.0,-0.032534291346867875,0.0,0.032534281412760414,0.0,2]],0]],"location":[[[[0.0,-5.0287675857543945,-0.032534291346867875,-5.0287675857543945,0.032534281412760414,-5.0287675857543945,2]],0],[[[0.0,2.7092785835266113,-0.032534291346867875,2.7092785835266113,0.032534281412760414,2.7092785835266113,2]],0],[[[0.0,-0.6910998821258545,-0.032534291346867875,-0.6910998821258545,0.032534281412760414,-0.6910998821258545,2]],0]]}],"ParameterPointsAction":[{"location":[[[[0.0,-0.09000000357627869,1.4166666666666665,-0.09000000357627869,1.5,-0.09000000357627869,2]],0],[[[0.0,0.12999999523162842,1.4166666666666665,0.12999999523162842,1.5,0.12999999523162842,2]],0],[[[0.0,0.03999999910593033,1.4166666666666665,0.03999999910593033,1.5,0.03999999910593033,2]],0]]}],"ParameterKIFAction":[{"scale":[[[[0.0,-1.0,-0.041666666666666664,-1.0,0.041666666666666664,-1.0,2]],0],[[[0.0,1.0,-0.041666666666666664,1.0,0.041666666666666664,1.0,2]],0],[[[0.0,1.0,-0.041666666666666664,1.0,0.041666666666666664,1.0,2]],0]],"rotation_euler":[[[[0.0,-0.0,-0.041666666666666664,-0.0,0.041666666666666664,-0.0,2]],0],[[[0.0,0.0,-0.041666666666666664,0.0,0.041666666666666664,0.0,2]],0],[[[0.0,0.0,-0.041666666666666664,0.0,0.041666666666666664,0.0,2]],0]],"location":[[[[0.0,-0.7324369549751282,1.4166666666666665,-0.7324369549751282,1.5,-0.7324369549751282,2]],0],[[[0.0,1.2310000658035278,1.4166666666666665,1.2310000658035278,1.5,1.2310000658035278,2]],0],[[[0.0,1.0490000247955322,1.4166666666666665,1.0490000247955322,1.5,1.0490000247955322,2]],0]]}],"PapillonBleu":[{"scale":[[[[0.0,-1.0,-0.016267145673433937,-1.0,0.016267145673433937,-1.0,2]],0],[[[0.0,1.0,-0.016267145673433937,1.0,0.016267145673433937,1.0,2]],0],[[[0.0,1.0,-0.016267145673433937,1.0,0.016267145673433937,1.0,2]],0]],"rotation_euler":[[[[0.0,-0.42860913276672363,-0.016267145673433937,-0.42860913276672363,0.016267145673433937,-0.42860913276672363,2]],0],[[[0.0,0.4478248655796051,-0.016267145673433937,0.4478248655796051,0.016267145673433937,0.4478248655796051,2]],0],[[[0.0,1.0493159294128418,-0.016267145673433937,1.0493159294128418,0.016267145673433937,1.0493159294128418,2]],0]],"location":[[[[0.0,-4.433067321777344,-0.016267145673433937,-4.433067321777344,0.016267145673433937,-4.433067321777344,2]],0],[[[0.0,3.6711955070495605,-0.016267145673433937,3.6711955070495605,0.016267145673433937,3.6711955070495605,2]],0],[[[0.0,-9.817252159118652,-0.016267145673433937,-9.817252159118652,0.016267145673433937,-9.817252159118652,2]],0]]}],"CameraAction":[{"scale":[[[[0.0,1.2814316749572754,-2.261133352915446,1.2814316749572754,2.261133352915446,1.2814316749572754,2],[5.791666666666666,1.2814316749572754,3.53053347269694,1.2814316749572754,8.736020406087238,1.2814316749572754,2],[13.333333333333332,1.2814316749572754,10.38897959391276,1.2814316749572754,16.277687072753906,1.2814316749572754,2]],0],[[[0.0,-1.2814316749572754,-2.261133352915446,-1.2814316749572754,2.261133352915446,-1.2814316749572754,2],[5.791666666666666,-1.2814316749572754,3.53053347269694,-1.2814316749572754,8.736020406087238,-1.2814316749572754,2],[13.333333333333332,-1.2814316749572754,10.38897959391276,-1.2814316749572754,16.277687072753906,-1.2814316749572754,2]],0],[[[0.0,-1.2814316749572754,-2.261133352915446,-1.2814316749572754,2.261133352915446,-1.2814316749572754,2],[5.791666666666666,-1.2814316749572754,3.53053347269694,-1.2814316749572754,8.736020406087238,-1.2814316749572754,2],[13.333333333333332,-1.2814316749572754,10.38897959391276,-1.2814316749572754,16.277687072753906,-1.2814316749572754,2]],0]],"rotation_euler":[[[[0.0,1.5707963705062866,-2.261133352915446,1.5707963705062866,2.261133352915446,1.5707963705062866,2],[5.791666666666666,1.5707963705062866,3.53053347269694,1.5707963705062866,8.736020406087238,1.5707963705062866,2],[13.333333333333332,1.5707963705062866,10.38897959391276,1.5707963705062866,16.277687072753906,1.5707963705062866,2]],0],[[[0.0,0.0,-2.261133352915446,0.0,2.261133352915446,0.0,2],[5.791666666666666,0.0,3.53053347269694,0.0,8.736020406087238,0.0,2],[13.333333333333332,0.0,10.38897959391276,0.0,16.277687072753906,0.0,2]],0],[[[0.0,0.0,-2.261133352915446,0.0,2.261133352915446,0.0,2],[5.791666666666666,-0.0,3.53053347269694,-0.0,8.736020406087238,-0.0,2],[13.333333333333332,-0.0,10.38897959391276,-0.0,16.277687072753906,-0.0,2]],0]],"location":[[[[0.0,-1.8199623823165894,-2.261133352915446,-1.8199623823165894,2.261133352915446,-1.8199623823165894,2],[5.791666666666666,-2.1942696571350098,3.53053347269694,-2.052795171737671,8.736020406087238,-2.3784918785095215,2],[13.333333333333332,-2.6505959033966064,10.38897959391276,-2.6505959033966064,16.277687072753906,-2.6505959033966064,2]],0],[[[0.0,1.1135356426239014,-2.261133352915446,1.1135356426239014,2.261133352915446,1.1135356426239014,2],[5.791666666666666,1.827181100845337,3.53053347269694,1.5574489831924438,8.736020406087238,2.178415060043335,2],[13.333333333333332,2.697202682495117,10.38897959391276,2.697202682495117,16.277687072753906,2.697202682495117,2]],0],[[[0.0,-2.1950793266296387,-2.261133352915446,-2.1950793266296387,2.261133352915446,-2.1950793266296387,2],[5.791666666666666,-3.0826971530914307,3.53053347269694,-2.7472097873687744,8.736020406087238,-3.519554615020752,2],[13.333333333333332,-4.164812088012695,10.38897959391276,-4.164812088012695,16.277687072753906,-4.164812088012695,2]],0]]}],"PapillonRougeTargetAction":[{"scale":[[[[0.0,-1.0,-2.261133352915446,-1.0,2.261133352915446,-1.0,2],[5.791666666666666,-1.0,3.53053347269694,-1.0,8.052799860636393,-1.0,2]],0],[[[0.0,1.0,-2.261133352915446,1.0,2.261133352915446,1.0,2],[5.791666666666666,1.0,3.53053347269694,1.0,8.052799860636393,1.0,2]],0],[[[0.0,1.0,-2.261133352915446,1.0,2.261133352915446,1.0,2],[5.791666666666666,1.0,3.53053347269694,1.0,8.052799860636393,1.0,2]],0]],"rotation_euler":[[[[0.0,-0.0,-2.261133352915446,-0.0,2.261133352915446,-0.0,2],[5.791666666666666,-0.0,3.53053347269694,-0.0,8.052799860636393,-0.0,2]],0],[[[0.0,0.0,-2.261133352915446,0.0,2.261133352915446,0.0,2],[5.791666666666666,0.0,3.53053347269694,0.0,8.052799860636393,0.0,2]],0],[[[0.0,0.0,-2.261133352915446,0.0,2.261133352915446,0.0,2],[5.791666666666666,0.0,3.53053347269694,0.0,8.052799860636393,0.0,2]],0]],